customer_id,age,income,purchase_amount,product_category,purchase_date,email
1,56,,845.3927702,Home Goods,01-01-2022,customer1@example.com
2,69,53051.95454,420.0727629,Clothing,02-01-2022,customer2@example.com
3,46,38654.73882,544.9369452,Home Goods,03-01-2022,customer3@example.com
4,32,28666.19436,686.5181664,Books,04-01-2022,customer4@example.com
5,60,40301.40674,216.3268534,Electronics,05-01-2022,customer5@example.com
6,25,33776.77995,0,Books,06-01-2022,customer6@example.com
7,38,75307.12453,194.8687371,Home Goods,07-01-2022,customer7@example.com
8,56,63224.59635,752.5168207,Clothing,08-01-2022,customer8@example.com
9,36,49880.41038,389.6283708,Clothing,09-01-2022,customer9@example.com
10,40,72199.16208,1011.639857,Books,10-01-2022,customer10@example.com
11,28,51160.52461,387.1504803,Clothing,11-01-2022,customer11@example.com
12,28,37080.73698,536.9102606,Home Goods,12-01-2022,customer12@example.com
13,41,72846.86116,808.4219905,Books,13-01-2022,customer13@example.com
14,53,58083.65066,901.2185776,Clothing,14-01-2022,customer14@example.com
15,57,34441.30769,912.3007153,Electronics,15-01-2022,customer15@example.com
16,41,47144.91983,741.6732461,Electronics,16-01-2022,customer16@example.com
17,20,36865.7262,704.8125052,Home Goods,17-01-2022,customer17@example.com
18,39,29258.00404,618.5053898,Clothing,18-01-2022,customer18@example.com
19,19,63892.66321,655.6722152,Home Goods,19-01-2022,customer19@example.com
20,41,78641.24961,389.7628567,Books,20-01-2022,customer20@example.com
21,61,29021.48639,336.3602233,Electronics,21-01-2022,customer21@example.com
22,47,58444.53855,499.3251085,Books,22-01-2022,customer22@example.com
23,55,40240.36146,465.9630755,Clothing,23-01-2022,customer23@example.com
24,19,42693.11924,409.3543901,Home Goods,24-01-2022,customer24@example.com
25,38,41114.09114,639.2774895,Home Goods,25-01-2022,customer25@example.com
26,50,37040.13845,691.0610417,Home Goods,26-01-2022,customer26@example.com
27,29,50727.82442,517.6813773,Books,27-01-2022,customer27@example.com
28,39,37535.74825,0,Electronics,28-01-2022,customer28@example.com
29,61,54056.85239,271.6621772,Books,29-01-2022,customer29@example.com
30,42,49246.42836,461.2681081,Books,30-01-2022,customer30@example.com
31,66,46415.7793,356.6355359,Clothing,31-01-2022,customer31@example.com
32,44,36386.54507,126.6926766,Clothing,01-02-2022,customer32@example.com
33,59,41348.43004,483.4638628,Clothing,02-02-2022,customer33@example.com
34,45,61330.86839,475.6504983,Electronics,03-02-2022,customer34@example.com
35,33,57513.75781,802.6899486,Electronics,04-02-2022,customer35@example.com
36,32,35336.67133,626.1623369,Clothing,05-02-2022,customer36@example.com
37,64,51489.98458,295.1626351,Clothing,06-02-2022,customer37@example.com
38,68,61270.80685,870.8185133,Electronics,07-02-2022,customer38@example.com
39,61,24958.92078,744.2067391,Home Goods,08-02-2022,customer39@example.com
40,69,58150.40289,616.4195407,Electronics,09-02-2022,customer40@example.com
41,20,40060.64362,454.7031802,Electronics,10-02-2022,customer41@example.com
42,54,,308.1121527,Electronics,11-02-2022,customer42@example.com
43,68,38551.11265,425.5586448,Clothing,12-02-2022,customer43@example.com
44,24,,717.7497239,Home Goods,13-02-2022,customer44@example.com
45,38,25586.86343,876.9172612,Electronics,14-02-2022,customer45@example.com
46,26,50721.2742,808.6487057,Clothing,15-02-2022,customer46@example.com
47,56,53895.83753,402.2301156,Books,16-02-2022,customer47@example.com
48,35,36435.25062,276.0765133,Books,17-02-2022,customer48@example.com
49,21,59578.88688,528.1772494,Electronics,18-02-2022,customer49@example.com
50,42,25077.19907,146.3121269,Books,19-02-2022,customer50@example.com
51,31,49008.80302,564.6335428,Home Goods,20-02-2022,customer51@example.com
52,67,31834.757,470.4794827,Books,21-02-2022,customer52@example.com
53,26,40222.45838,406.7926996,Books,22-02-2022,customer53@example.com
54,43,50710.98007,181.0593865,Home Goods,23-02-2022,customer54@example.com
55,19,37093.79952,602.7200213,Electronics,24-02-2022,customer55@example.com
56,37,44231.66684,393.4598321,Electronics,25-02-2022,customer56@example.com
57,45,65094.39214,266.0166329,Home Goods,26-02-2022,customer57@example.com
58,64,41346.62196,-74.45244266,Home Goods,27-02-2022,customer58@example.com
59,24,62535.38168,494.497019,Home Goods,28-02-2022,customer59@example.com
60,61,33054.39718,854.4503193,Books,01-03-2022,customer60@example.com
61,25,57947.06267,832.2518429,Home Goods,02-03-2022,customer61@example.com
62,64,71623.52931,408.5807487,Clothing,03-03-2022,customer62@example.com
63,52,12925.3325,0,Books,04-03-2022,customer63@example.com
64,31,38046.57117,593.7548512,Electronics,05-03-2022,customer64@example.com
65,34,58656.08191,300.3229122,Electronics,06-03-2022,customer65@example.com
66,53,46954.31921,560.35838,Electronics,07-03-2022,customer66@example.com
67,67,55567.1881,653.2160557,Books,08-03-2022,customer67@example.com
68,57,40940.2222,745.3866448,Clothing,09-03-2022,customer68@example.com
69,21,51298.84681,479.9691847,Home Goods,10-03-2022,customer69@example.com
70,19,47664.84147,459.26525,Home Goods,11-03-2022,customer70@example.com
71,23,67516.73092,324.4034826,Electronics,12-03-2022,customer71@example.com
72,59,,334.6239292,Electronics,13-03-2022,customer72@example.com
73,21,55064.03993,454.7042216,Books,14-03-2022,customer73@example.com
74,46,43821.84551,573.4731014,Clothing,15-03-2022,customer74@example.com
75,35,42685.90664,682.7169252,Home Goods,16-03-2022,customer75@example.com
76,43,43511.62718,339.3642099,Books,17-03-2022,customer76@example.com
77,61,55916.78214,798.5377138,Home Goods,18-03-2022,customer77@example.com
78,51,43685.23279,445.7752798,Electronics,19-03-2022,customer78@example.com
79,27,54346.62285,495.7265411,Home Goods,20-03-2022,customer79@example.com
80,53,81131.01198,350.5576642,Clothing,21-03-2022,customer80@example.com
81,31,63066.87055,15.15194795,Clothing,22-03-2022,customer81@example.com
82,48,45109.64702,676.8090793,Electronics,23-03-2022,customer82@example.com
83,65,68018.20883,647.3687794,Clothing,24-03-2022,customer83@example.com
84,32,43878.8694,443.7344886,Clothing,25-03-2022,customer84@example.com
85,25,19428.13197,513.3981434,Books,26-03-2022,customer85@example.com
86,31,34878.70534,603.1878435,Home Goods,27-03-2022,customer86@example.com
87,40,21938.12118,187.4908286,Electronics,28-03-2022,customer87@example.com
88,57,44727.29774,394.1894645,Electronics,29-03-2022,customer88@example.com
89,38,50276.27569,658.8529359,Electronics,30-03-2022,customer89@example.com
90,33,75146.55968,249.1421154,Electronics,31-03-2022,customer90@example.com
91,62,54903.91061,558.7115864,Electronics,01-04-2022,customer91@example.com
92,35,46713.49207,228.6836391,Clothing,02-04-2022,customer92@example.com
93,64,62441.08372,593.2859965,Books,03-04-2022,customer93@example.com
94,41,16832.97036,492.8717035,Electronics,04-04-2022,customer94@example.com
95,43,53534.21837,176.9736368,Books,05-04-2022,customer95@example.com
96,42,61562.97791,732.9478709,Books,06-04-2022,customer96@example.com
97,62,27821.20631,353.0816846,Clothing,07-04-2022,customer97@example.com
98,58,,337.9495126,Electronics,08-04-2022,customer98@example.com
99,46,55077.44611,540.1138394,Clothing,09-04-2022,customer99@example.com
100,32,43770.68129,729.7274699,Electronics,10-04-2022,customer100@example.com
101,62,59491.72799,296.8356362,Clothing,11-04-2022,customer101@example.com
102,18,84060.39287,512.33597,Books,12-04-2022,customer102@example.com
103,42,52727.99383,585.7633001,Electronics,13-04-2022,customer103@example.com
104,24,53723.30879,0,Home Goods,14-04-2022,customer104@example.com
105,26,43109.58651,535.2883111,Books,15-04-2022,customer105@example.com
106,41,37252.33446,426.5944322,Home Goods,16-04-2022,customer106@example.com
107,18,,334.4819559,Books,17-04-2022,customer107@example.com
108,61,37158.74261,517.2287766,Clothing,18-04-2022,customer108@example.com
109,25,51073.49356,285.5721976,Electronics,19-04-2022,customer109@example.com
110,41,42835.1383,-84.2700967,Books,20-04-2022,customer110@example.com
111,28,57184.69739,587.3119608,Clothing,21-04-2022,customer111@example.com
112,68,55004.93158,680.7869682,Electronics,22-04-2022,customer112@example.com
113,34,65563.09916,27.41351289,Electronics,23-04-2022,customer113@example.com
114,25,42349.75402,298.0538591,Books,24-04-2022,customer114@example.com
115,52,45951.87597,0,Electronics,25-04-2022,customer115@example.com
116,52,35318.54426,911.4990939,Books,26-04-2022,customer116@example.com
117,50,43335.6011,504.1587415,Electronics,27-04-2022,customer117@example.com
118,22,55659.5074,354.3994118,Home Goods,28-04-2022,customer118@example.com
119,59,61354.82925,0,Clothing,29-04-2022,customer119@example.com
120,56,36167.52014,774.9752838,Home Goods,30-04-2022,customer120@example.com
121,58,63044.0888,370.8071642,Books,01-05-2022,customer121@example.com
122,45,70334.56788,340.1615987,Home Goods,02-05-2022,customer122@example.com
123,24,56201.52355,403.4512956,Books,03-05-2022,customer123@example.com
124,26,78151.93719,309.3342783,Electronics,04-05-2022,customer124@example.com
125,25,38393.16201,524.5340632,Electronics,05-05-2022,customer125@example.com
126,29,31330.17945,824.9356917,Books,06-05-2022,customer126@example.com
127,51,23319.19627,564.6158546,Home Goods,07-05-2022,customer127@example.com
128,50,72440.66467,449.5292996,Electronics,08-05-2022,customer128@example.com
129,65,59815.48485,441.6377462,Clothing,09-05-2022,customer129@example.com
130,40,49166.22994,187.3618383,Electronics,10-05-2022,customer130@example.com
131,41,54199.52939,676.6219554,Clothing,11-05-2022,customer131@example.com
132,54,33117.66429,484.4325606,Home Goods,12-05-2022,customer132@example.com
133,52,86686.27969,463.9040173,Clothing,13-05-2022,customer133@example.com
134,61,51938.31773,1138.621514,Clothing,14-05-2022,customer134@example.com
135,57,51640.92192,559.7505817,Clothing,15-05-2022,customer135@example.com
136,39,60886.49936,349.64179,Clothing,16-05-2022,customer136@example.com
137,44,57215.13848,414.7284808,Electronics,17-05-2022,customer137@example.com
138,52,53358.26036,729.6891418,Clothing,18-05-2022,customer138@example.com
139,-1,38142.88317,522.6540821,Electronics,19-05-2022,customer139@example.com
140,52,,212.3444043,Clothing,20-05-2022,customer140@example.com
141,54,78230.36745,683.8457869,Books,21-05-2022,customer141@example.com
142,64,70181.30069,366.3711829,Home Goods,22-05-2022,customer142@example.com
143,31,,874.6595552,Clothing,23-05-2022,customer143@example.com
144,20,42331.76485,716.0096131,Books,24-05-2022,customer144@example.com
145,18,35155.9277,410.5356209,Clothing,25-05-2022,customer145@example.com
146,22,48113.1962,756.2032723,Clothing,26-05-2022,customer146@example.com
147,43,50835.87368,0,Clothing,27-05-2022,customer147@example.com
148,31,66412.87278,670.554735,Books,28-05-2022,customer148@example.com
149,56,24613.03055,0,Home Goods,29-05-2022,customer149@example.com
150,44,72943.25479,330.728669,Books,30-05-2022,customer150@example.com
151,26,47629.88152,371.2900335,Home Goods,31-05-2022,customer151@example.com
152,32,43596.78395,705.9921635,Clothing,01-06-2022,customer152@example.com
153,32,34818.43437,433.0449336,Electronics,02-06-2022,customer153@example.com
154,43,25177.14992,419.2703074,Clothing,03-06-2022,customer154@example.com
155,59,62347.55876,308.9754841,Home Goods,04-06-2022,customer155@example.com
156,30,51099.76951,584.7198131,Books,05-06-2022,customer156@example.com
157,68,30650.5865,912.5049838,Clothing,06-06-2022,customer157@example.com
158,49,30573.81842,286.4934171,Books,07-06-2022,customer158@example.com
159,56,44963.22951,504.8438913,Books,08-06-2022,customer159@example.com
160,66,75035.32288,782.4441111,Books,09-06-2022,customer160@example.com
161,69,46106.12973,484.0717218,Clothing,10-06-2022,customer161@example.com
162,49,27452.8557,590.4743592,Books,11-06-2022,customer162@example.com
163,21,46313.85404,287.5212944,Books,12-06-2022,customer163@example.com
164,47,45909.14645,585.6614194,Clothing,13-06-2022,customer164@example.com
165,54,9546.700356,462.571147,Books,14-06-2022,customer165@example.com
166,40,49185.577,697.1459991,Clothing,15-06-2022,customer166@example.com
167,56,46535.98205,737.4772103,Home Goods,16-06-2022,customer167@example.com
168,62,60443.09547,1017.912728,Home Goods,17-06-2022,customer168@example.com
169,32,77734.34142,615.9266346,Home Goods,18-06-2022,customer169@example.com
170,60,66898.47544,565.1592633,Books,19-06-2022,customer170@example.com
171,46,45966.66964,538.8768603,Electronics,20-06-2022,customer171@example.com
172,53,33402.11137,429.3667414,Electronics,21-06-2022,customer172@example.com
173,30,88600.39705,567.6967687,Books,22-06-2022,customer173@example.com
174,49,50888.27651,440.919718,Electronics,23-06-2022,customer174@example.com
175,24,50208.93938,533.6921953,Clothing,24-06-2022,customer175@example.com
176,68,49638.12369,763.5195071,Electronics,25-06-2022,customer176@example.com
177,39,52971.27141,298.6914869,Books,26-06-2022,customer177@example.com
178,45,47834.59382,727.9757122,Books,27-06-2022,customer178@example.com
179,19,41395.0699,763.4230135,Clothing,28-06-2022,customer179@example.com
180,59,,476.3862946,Home Goods,29-06-2022,customer180@example.com
181,62,49508.70095,75.6290202,Books,30-06-2022,customer181@example.com
182,23,41848.62843,378.4356026,Clothing,01-07-2022,customer182@example.com
183,45,39307.31326,759.3989093,Electronics,02-07-2022,customer183@example.com
184,45,51596.45342,0,Electronics,03-07-2022,customer184@example.com
185,61,46175.34174,300.1395535,Clothing,04-07-2022,customer185@example.com
186,61,72559.89483,399.0450158,Clothing,05-07-2022,customer186@example.com
187,37,10235.45287,668.1240053,Books,06-07-2022,customer187@example.com
188,47,66372.60278,609.3467136,Electronics,07-07-2022,customer188@example.com
189,28,68691.27789,452.2135802,Clothing,08-07-2022,customer189@example.com
190,45,,426.6351176,Electronics,09-07-2022,customer190@example.com
191,42,44859.68609,421.6483702,Clothing,10-07-2022,customer191@example.com
192,-1,44428.38701,315.5179631,Electronics,11-07-2022,customer192@example.com
193,50,28887.32458,823.0751379,Home Goods,12-07-2022,customer193@example.com
194,18,38332.74969,435.5359062,Books,13-07-2022,customer194@example.com
195,44,33341.36232,743.4317042,Electronics,14-07-2022,customer195@example.com
196,69,76284.05665,804.2632104,Home Goods,15-07-2022,customer196@example.com
197,30,64035.1759,699.6621796,Electronics,16-07-2022,customer197@example.com
198,58,69073.32642,413.6759375,Electronics,17-07-2022,customer198@example.com
199,20,60825.08096,580.7460181,Home Goods,18-07-2022,customer199@example.com
200,56,33064.22343,495.1608787,Electronics,19-07-2022,customer200@example.com
201,23,,319.2596279,Electronics,20-07-2022,customer201@example.com
202,25,57340.61842,564.8718563,Books,21-07-2022,customer202@example.com
203,44,31668.08287,264.1920418,Home Goods,22-07-2022,customer203@example.com
204,26,60694.97645,737.5358777,Home Goods,23-07-2022,customer204@example.com
205,54,46395.11903,407.0765405,Clothing,24-07-2022,customer205@example.com
206,50,44377.68789,540.2319312,Electronics,25-07-2022,customer206@example.com
207,68,60664.39952,556.6575743,Books,26-07-2022,customer207@example.com
208,59,56663.94967,448.2190053,Electronics,27-07-2022,customer208@example.com
209,61,44585.50751,617.3387603,Electronics,28-07-2022,customer209@example.com
210,41,67389.94705,405.0192687,Clothing,29-07-2022,customer210@example.com
211,32,33784.05009,674.2594595,Electronics,30-07-2022,customer211@example.com
212,49,59239.0341,230.804064,Books,31-07-2022,customer212@example.com
213,49,58896.51887,525.2759159,Books,01-08-2022,customer213@example.com
214,41,45356.80341,887.7857998,Clothing,02-08-2022,customer214@example.com
215,58,54891.99533,299.9337351,Electronics,03-08-2022,customer215@example.com
216,69,31233.29635,364.4510059,Books,04-08-2022,customer216@example.com
217,66,63860.40529,602.7815699,Electronics,05-08-2022,customer217@example.com
218,66,47226.46795,535.9163564,Electronics,06-08-2022,customer218@example.com
219,69,42159.15469,570.1260199,Electronics,07-08-2022,customer219@example.com
220,29,65735.13839,597.837426,Clothing,08-08-2022,customer220@example.com
221,56,39434.84464,626.9442937,Electronics,09-08-2022,customer221@example.com
222,19,28873.08055,721.9399684,Books,10-08-2022,customer222@example.com
223,20,26650.5624,581.9637314,Electronics,11-08-2022,customer223@example.com
224,66,59090.14927,451.7484691,Books,12-08-2022,customer224@example.com
225,54,30793.55971,634.5147402,Electronics,13-08-2022,customer225@example.com
226,66,76321.91273,879.976387,Books,14-08-2022,customer226@example.com
227,-1,18771.05888,473.4732507,Books,15-08-2022,customer227@example.com
228,66,75446.84552,305.0941391,Electronics,16-08-2022,customer228@example.com
229,19,53165.26201,721.4161339,Electronics,17-08-2022,customer229@example.com
230,19,48549.30332,475.9237672,Books,18-08-2022,customer230@example.com
231,45,41826.2137,65.4660908,Home Goods,19-08-2022,customer231@example.com
232,40,,669.4843354,Clothing,20-08-2022,customer232@example.com
233,-1,49435.47946,392.9343628,Home Goods,21-08-2022,customer233@example.com
234,49,66549.52823,481.8933435,Home Goods,22-08-2022,customer234@example.com
235,50,51713.41473,566.3960661,Electronics,23-08-2022,customer235@example.com
236,18,52254.52642,538.099936,Clothing,24-08-2022,customer236@example.com
237,36,,641.8903634,Home Goods,25-08-2022,customer237@example.com
238,19,49145.81564,412.9027259,Electronics,26-08-2022,customer238@example.com
239,61,54617.02653,602.6211596,Home Goods,27-08-2022,customer239@example.com
240,43,24347.47411,448.0906645,Home Goods,28-08-2022,customer240@example.com
241,49,29777.21867,647.7620962,Electronics,29-08-2022,customer241@example.com
242,23,61148.96141,623.0734968,Electronics,30-08-2022,customer242@example.com
243,49,52562.98157,312.9122596,Electronics,31-08-2022,customer243@example.com
244,21,47240.24995,717.1964232,Clothing,01-09-2022,customer244@example.com
245,28,50276.509,392.807311,Home Goods,02-09-2022,customer245@example.com
246,34,55213.72558,661.6115597,Electronics,03-09-2022,customer246@example.com
247,55,41903.6048,573.4574627,Books,04-09-2022,customer247@example.com
248,41,38325.42912,867.6367354,Home Goods,05-09-2022,customer248@example.com
249,22,52937.67883,455.3068035,Books,06-09-2022,customer249@example.com
250,69,35324.40834,430.1366408,Clothing,07-09-2022,customer250@example.com
251,51,56123.79134,496.1160788,Electronics,08-09-2022,customer251@example.com
252,23,24461.24594,439.3640434,Books,09-09-2022,customer252@example.com
253,39,65437.33456,659.9883804,Clothing,10-09-2022,customer253@example.com
254,28,57088.96224,176.7378783,Electronics,11-09-2022,customer254@example.com
255,65,53840.44601,289.2635162,Books,12-09-2022,customer255@example.com
256,33,64740.36476,286.4394157,Books,13-09-2022,customer256@example.com
257,50,74982.11667,690.0615184,Clothing,14-09-2022,customer257@example.com
258,26,65215.55098,842.1226745,Electronics,15-09-2022,customer258@example.com
259,23,22386.88653,479.1101563,Electronics,16-09-2022,customer259@example.com
260,33,30806.3455,466.2356554,Books,17-09-2022,customer260@example.com
261,46,40627.72133,514.0104326,Books,18-09-2022,customer261@example.com
262,20,50391.36575,732.3756605,Books,19-09-2022,customer262@example.com
263,37,57764.88531,314.5293732,Electronics,20-09-2022,customer263@example.com
264,53,39113.8428,547.6737965,Clothing,21-09-2022,customer264@example.com
265,36,,695.039526,Clothing,22-09-2022,customer265@example.com
266,43,38669.25601,600.218834,Electronics,23-09-2022,customer266@example.com
267,20,40827.23296,537.9163233,Home Goods,24-09-2022,customer267@example.com
268,36,,700.2092185,Clothing,25-09-2022,customer268@example.com
269,37,36151.50131,-40.6464586,Books,26-09-2022,customer269@example.com
270,49,29724.73092,635.5750639,Home Goods,27-09-2022,customer270@example.com
271,24,35361.90121,369.1848634,Home Goods,28-09-2022,customer271@example.com
272,69,65804.62695,133.8734206,Clothing,29-09-2022,customer272@example.com
273,-1,35759.01667,0,Home Goods,30-09-2022,customer273@example.com
274,50,89485.73097,774.731709,Home Goods,01-10-2022,customer274@example.com
275,57,57399.76851,472.5102971,Clothing,02-10-2022,customer275@example.com
276,56,52772.54186,690.5749094,Clothing,03-10-2022,customer276@example.com
277,35,37124.6333,822.4556516,Home Goods,04-10-2022,customer277@example.com
278,57,60504.64819,762.9828907,Books,05-10-2022,customer278@example.com
279,18,41365.43261,827.9929059,Electronics,06-10-2022,customer279@example.com
280,28,51830.14722,648.4254982,Home Goods,07-10-2022,customer280@example.com
281,45,88401.26807,515.0867278,Home Goods,08-10-2022,customer281@example.com
282,42,48559.1015,179.6068376,Books,09-10-2022,customer282@example.com
283,67,67239.09989,450.7875024,Home Goods,10-10-2022,customer283@example.com
284,40,39452.35362,331.3506809,Home Goods,11-10-2022,customer284@example.com
285,48,49475.17264,934.1885435,Electronics,12-10-2022,customer285@example.com
286,47,76562.00953,464.8228375,Electronics,13-10-2022,customer286@example.com
287,59,40595.49413,524.6409614,Electronics,14-10-2022,customer287@example.com
288,52,77186.72837,610.2970752,Clothing,15-10-2022,customer288@example.com
289,24,60616.27903,508.7204893,Clothing,16-10-2022,customer289@example.com
290,33,41562.99836,839.0102081,Electronics,17-10-2022,customer290@example.com
291,43,59486.11609,375.4701277,Electronics,18-10-2022,customer291@example.com
292,65,64588.31674,538.921491,Clothing,19-10-2022,customer292@example.com
293,69,59327.14943,0,Books,20-10-2022,customer293@example.com
294,66,26446.6292,235.9954978,Home Goods,21-10-2022,customer294@example.com
295,19,39092.94236,377.6461818,Home Goods,22-10-2022,customer295@example.com
296,18,46287.22047,492.5926406,Electronics,23-10-2022,customer296@example.com
297,65,48883.49856,414.1395551,Books,24-10-2022,customer297@example.com
298,29,59310.08146,361.515804,Clothing,25-10-2022,customer298@example.com
299,22,52665.51501,218.7365073,Electronics,26-10-2022,customer299@example.com
300,54,29969.83462,483.3788855,Books,27-10-2022,customer300@example.com
301,49,55702.96777,199.0559252,Books,28-10-2022,customer301@example.com
302,26,59158.78618,652.0111927,Books,29-10-2022,customer302@example.com
303,58,58396.85672,516.4879506,Clothing,30-10-2022,customer303@example.com
304,52,66211.71088,208.4897001,Clothing,31-10-2022,customer304@example.com
305,36,62508.83232,438.1581846,Home Goods,01-11-2022,customer305@example.com
306,65,56887.70119,349.5687189,Home Goods,02-11-2022,customer306@example.com
307,33,48947.51433,563.8349021,Books,03-11-2022,customer307@example.com
308,20,,768.0900892,Books,04-11-2022,customer308@example.com
309,37,56444.27329,124.9655061,Clothing,05-11-2022,customer309@example.com
310,41,53115.31531,523.0052158,Home Goods,06-11-2022,customer310@example.com
311,50,54073.68256,467.9734409,Books,07-11-2022,customer311@example.com
312,41,30848.77136,634.2680153,Home Goods,08-11-2022,customer312@example.com
313,69,33784.15189,542.6393256,Home Goods,09-11-2022,customer313@example.com
314,28,65797.2928,349.6061337,Books,10-11-2022,customer314@example.com
315,66,49406.67269,436.1892129,Clothing,11-11-2022,customer315@example.com
316,25,60222.51046,340.7948286,Books,12-11-2022,customer316@example.com
317,53,50424.77564,715.2014277,Books,13-11-2022,customer317@example.com
318,55,50446.34209,504.2623297,Home Goods,14-11-2022,customer318@example.com
319,57,64074.25709,880.2381372,Books,15-11-2022,customer319@example.com
320,37,42259.32908,487.8678372,Clothing,16-11-2022,customer320@example.com
321,52,,358.3186466,Books,17-11-2022,customer321@example.com
322,65,43065.87067,197.2571215,Clothing,18-11-2022,customer322@example.com
323,42,43482.55659,139.3720647,Clothing,19-11-2022,customer323@example.com
324,52,45362.41815,183.1728114,Home Goods,20-11-2022,customer324@example.com
325,42,53332.00657,553.4253302,Electronics,21-11-2022,customer325@example.com
326,46,42818.77068,601.7450046,Electronics,22-11-2022,customer326@example.com
327,35,68836.34188,183.7618596,Home Goods,23-11-2022,customer327@example.com
328,63,36580.89047,679.0076628,Books,24-11-2022,customer328@example.com
329,35,47196.92534,403.3877897,Home Goods,25-11-2022,customer329@example.com
330,19,43404.03413,529.3586024,Clothing,26-11-2022,customer330@example.com
331,52,71704.66827,822.4441257,Electronics,27-11-2022,customer331@example.com
332,33,52948.32165,679.3678632,Home Goods,28-11-2022,customer332@example.com
333,58,65477.66809,446.2938704,Books,29-11-2022,customer333@example.com
334,53,27716.5944,321.7615549,Home Goods,30-11-2022,customer334@example.com
335,50,54005.75399,69.63691973,Electronics,01-12-2022,customer335@example.com
336,21,63344.46193,356.1693362,Home Goods,02-12-2022,customer336@example.com
337,50,51234.25984,457.7739522,Home Goods,03-12-2022,customer337@example.com
338,31,65982.20563,302.5640946,Electronics,04-12-2022,customer338@example.com
339,38,42240.67325,473.7486066,Clothing,05-12-2022,customer339@example.com
340,65,71140.2116,515.3703766,Clothing,06-12-2022,customer340@example.com
341,37,84483.47185,455.0288036,Electronics,07-12-2022,customer341@example.com
342,-1,44557.42159,369.9994838,Home Goods,08-12-2022,customer342@example.com
343,24,43317.46218,533.7309344,Electronics,09-12-2022,customer343@example.com
344,20,71800.76716,588.3881299,Clothing,10-12-2022,customer344@example.com
345,34,73693.58219,281.9201845,Books,11-12-2022,customer345@example.com
346,50,42157.09959,782.1864759,Home Goods,12-12-2022,customer346@example.com
347,65,43697.19774,480.2823735,Clothing,13-12-2022,customer347@example.com
348,29,45773.23087,503.7699246,Home Goods,14-12-2022,customer348@example.com
349,68,29833.24233,641.6428847,Electronics,15-12-2022,customer349@example.com
350,39,36220.2208,546.6432263,Books,16-12-2022,customer350@example.com
351,39,34937.8885,690.6273268,Electronics,17-12-2022,customer351@example.com
352,63,38483.03652,557.424833,Books,18-12-2022,customer352@example.com
353,47,49479.72669,377.5125251,Home Goods,19-12-2022,customer353@example.com
354,55,53513.22099,572.300705,Home Goods,20-12-2022,customer354@example.com
355,55,73257.50739,271.2547585,Electronics,21-12-2022,customer355@example.com
356,62,35024.68939,521.7119412,Books,22-12-2022,customer356@example.com
357,68,64764.83598,493.3540019,Books,23-12-2022,customer357@example.com
358,25,46790.16734,458.3766285,Home Goods,24-12-2022,customer358@example.com
359,44,49258.04436,474.2924977,Electronics,25-12-2022,customer359@example.com
360,44,60122.29238,123.6301909,Books,26-12-2022,customer360@example.com
361,51,33159.16968,390.2550185,Home Goods,27-12-2022,customer361@example.com
362,38,55736.14619,518.5689802,Clothing,28-12-2022,customer362@example.com
363,47,52496.78312,531.9712784,Electronics,29-12-2022,customer363@example.com
364,50,,294.4649718,Clothing,30-12-2022,customer364@example.com
365,45,54337.52966,753.1415682,Electronics,31-12-2022,customer365@example.com
366,64,86829.5021,326.7650304,Home Goods,01-01-2023,customer366@example.com
367,50,,693.8914401,Books,02-01-2023,customer367@example.com
368,22,42035.04567,585.4388724,Books,03-01-2023,customer368@example.com
369,65,40652.8921,370.754538,Books,04-01-2023,customer369@example.com
370,36,41667.84321,855.0621785,Electronics,05-01-2023,customer370@example.com
371,-1,40439.19309,261.2726336,Home Goods,06-01-2023,customer371@example.com
372,52,67835.24797,683.8308347,Clothing,07-01-2023,customer372@example.com
373,66,71307.56372,700.1164636,Home Goods,08-01-2023,customer373@example.com
374,34,41438.80559,365.8759582,Clothing,09-01-2023,customer374@example.com
375,61,37514.6664,778.49306,Electronics,10-01-2023,customer375@example.com
376,45,57071.23335,449.9906971,Electronics,11-01-2023,customer376@example.com
377,47,41716.65434,557.7387259,Clothing,12-01-2023,customer377@example.com
378,46,59493.97727,552.0643678,Clothing,13-01-2023,customer378@example.com
379,63,53043.84531,473.1382517,Clothing,14-01-2023,customer379@example.com
380,23,27263.83828,662.1616546,Home Goods,15-01-2023,customer380@example.com
381,52,73212.57802,658.6977441,Clothing,16-01-2023,customer381@example.com
382,58,76938.1651,150.2936054,Electronics,17-01-2023,customer382@example.com
383,54,40808.16964,760.8680486,Electronics,18-01-2023,customer383@example.com
384,41,,167.5016024,Books,19-01-2023,customer384@example.com
385,46,54287.98086,706.5092409,Clothing,20-01-2023,customer385@example.com
386,66,55016.85185,725.3410274,Home Goods,21-01-2023,customer386@example.com
387,63,59878.16409,281.806714,Home Goods,22-01-2023,customer387@example.com
388,48,80153.06808,417.8371424,Home Goods,23-01-2023,customer388@example.com
389,52,47345.79159,278.8590663,Books,24-01-2023,customer389@example.com
390,-1,38025.54133,457.0157939,Electronics,25-01-2023,customer390@example.com
391,69,29310.21158,438.3931432,Home Goods,26-01-2023,customer391@example.com
392,38,39036.0494,655.9321065,Electronics,27-01-2023,customer392@example.com
393,49,49503.09541,762.0617492,Books,28-01-2023,customer393@example.com
394,40,76918.36795,779.1367622,Clothing,29-01-2023,customer394@example.com
395,50,42235.83051,387.5663947,Clothing,30-01-2023,customer395@example.com
396,20,53356.81927,458.1556253,Clothing,31-01-2023,customer396@example.com
397,35,49753.65656,163.3123616,Home Goods,01-02-2023,customer397@example.com
398,42,67825.8991,338.8259867,Clothing,02-02-2023,customer398@example.com
399,59,87903.98639,692.9703266,Home Goods,03-02-2023,customer399@example.com
400,48,42036.96841,823.1165647,Books,04-02-2023,customer400@example.com
401,20,42658.40836,253.1302256,Books,05-02-2023,customer401@example.com
402,57,65662.41316,381.5071482,Home Goods,06-02-2023,customer402@example.com
403,63,60228.37234,494.7188486,Electronics,07-02-2023,customer403@example.com
404,41,77700.60989,556.0322318,Clothing,08-02-2023,customer404@example.com
405,67,58758.92278,338.079296,Clothing,09-02-2023,customer405@example.com
406,49,44610.61864,584.8122089,Clothing,10-02-2023,customer406@example.com
407,-1,58859.82246,405.2321306,Home Goods,11-02-2023,customer407@example.com
408,39,66630.55371,497.1095458,Books,12-02-2023,customer408@example.com
409,40,62307.23272,609.2568496,Clothing,13-02-2023,customer409@example.com
410,19,57609.11047,501.284454,Books,14-02-2023,customer410@example.com
411,44,66000.12034,412.7228219,Clothing,15-02-2023,customer411@example.com
412,59,67539.43386,478.0780392,Clothing,16-02-2023,customer412@example.com
413,19,70732.38487,482.3274082,Home Goods,17-02-2023,customer413@example.com
414,43,59730.64831,425.997794,Electronics,18-02-2023,customer414@example.com
415,34,47493.2288,448.2407875,Home Goods,19-02-2023,customer415@example.com
416,-1,52200.7053,819.7294341,Clothing,20-02-2023,customer416@example.com
417,50,,612.1838896,Clothing,21-02-2023,customer417@example.com
418,26,37745.96494,440.9039364,Electronics,22-02-2023,customer418@example.com
419,60,55530.09963,639.3908809,Books,23-02-2023,customer419@example.com
420,65,44099.91782,433.236102,Books,24-02-2023,customer420@example.com
421,56,50431.17234,734.6249275,Clothing,25-02-2023,customer421@example.com
422,46,69176.77794,573.9284384,Books,26-02-2023,customer422@example.com
423,59,52866.48602,478.5395712,Clothing,27-02-2023,customer423@example.com
424,-1,50696.54822,589.5433852,Electronics,28-02-2023,customer424@example.com
425,52,29602.15789,185.8247696,Electronics,01-03-2023,customer425@example.com
426,67,61193.80349,274.6465062,Clothing,02-03-2023,customer426@example.com
427,42,59682.26272,261.2149987,Electronics,03-03-2023,customer427@example.com
428,41,82448.82085,528.588619,Home Goods,04-03-2023,customer428@example.com
429,30,45383.32648,846.5029999,Home Goods,05-03-2023,customer429@example.com
430,24,53287.25491,946.2600292,Electronics,06-03-2023,customer430@example.com
431,53,53740.75526,627.6102203,Clothing,07-03-2023,customer431@example.com
432,62,73661.7992,600.168895,Clothing,08-03-2023,customer432@example.com
433,37,48570.56701,139.7884532,Electronics,09-03-2023,customer433@example.com
434,18,54185.32289,391.4652401,Books,10-03-2023,customer434@example.com
435,25,59118.44765,342.4432496,Home Goods,11-03-2023,customer435@example.com
436,63,52799.13685,375.8304803,Books,12-03-2023,customer436@example.com
437,33,43303.49578,466.3712363,Clothing,13-03-2023,customer437@example.com
438,31,52911.34989,405.5818845,Clothing,14-03-2023,customer438@example.com
439,29,66104.47625,104.1400379,Books,15-03-2023,customer439@example.com
440,68,34602.27051,649.5820512,Electronics,16-03-2023,customer440@example.com
441,40,51994.54511,285.4513949,Books,17-03-2023,customer441@example.com
442,32,39498.18778,547.8493728,Books,18-03-2023,customer442@example.com
443,45,67925.69943,914.8165339,Home Goods,19-03-2023,customer443@example.com
444,51,27152.19643,316.1230817,Home Goods,20-03-2023,customer444@example.com
445,19,41616.17229,-6.057504549,Books,21-03-2023,customer445@example.com
446,49,55658.17813,442.7991556,Books,22-03-2023,customer446@example.com
447,40,73482.86044,720.191927,Clothing,23-03-2023,customer447@example.com
448,39,49013.74608,891.6694908,Home Goods,24-03-2023,customer448@example.com
449,68,41672.0071,254.0900811,Home Goods,25-03-2023,customer449@example.com
450,42,78217.35604,0,Clothing,26-03-2023,customer450@example.com
451,39,28279.79149,406.9379086,Electronics,27-03-2023,customer451@example.com
452,39,17017.91065,478.8103291,Home Goods,28-03-2023,customer452@example.com
453,66,56600.21675,1028.868669,Home Goods,29-03-2023,customer453@example.com
454,69,42469.18663,199.4059343,Electronics,30-03-2023,customer454@example.com
455,59,34681.50774,550.7479323,Home Goods,31-03-2023,customer455@example.com
456,23,60625.34671,593.5386344,Home Goods,01-04-2023,customer456@example.com
457,32,53657.01071,717.157265,Electronics,02-04-2023,customer457@example.com
458,60,41538.82054,519.5966307,Electronics,03-04-2023,customer458@example.com
459,54,30795.43402,561.6101079,Books,04-04-2023,customer459@example.com
460,50,63086.85992,421.6702865,Clothing,05-04-2023,customer460@example.com
461,25,59753.01767,553.8253882,Clothing,06-04-2023,customer461@example.com
462,61,48512.36204,431.3615449,Electronics,07-04-2023,customer462@example.com
463,61,77699.55494,624.314378,Electronics,08-04-2023,customer463@example.com
464,22,33948.72851,426.0779328,Home Goods,09-04-2023,customer464@example.com
465,56,27117.12244,575.4200788,Books,10-04-2023,customer465@example.com
466,21,39621.37895,494.1474373,Books,11-04-2023,customer466@example.com
467,23,,725.2100502,Electronics,12-04-2023,customer467@example.com
468,62,53650.09174,489.7212553,Home Goods,13-04-2023,customer468@example.com
469,49,46381.45913,145.3935064,Home Goods,14-04-2023,customer469@example.com
470,69,55280.83095,752.3843001,Clothing,15-04-2023,customer470@example.com
471,47,,318.8535398,Clothing,16-04-2023,customer471@example.com
472,64,71656.46906,369.2467323,Home Goods,17-04-2023,customer472@example.com
473,52,48767.73232,380.8677412,Clothing,18-04-2023,customer473@example.com
474,57,66759.43747,774.8876186,Electronics,19-04-2023,customer474@example.com
475,69,55140.8802,72.8651572,Home Goods,20-04-2023,customer475@example.com
476,33,56851.29829,1127.549707,Clothing,21-04-2023,customer476@example.com
477,30,58546.5092,711.2113618,Books,22-04-2023,customer477@example.com
478,67,56715.6284,544.6477828,Home Goods,23-04-2023,customer478@example.com
479,59,,489.0211999,Home Goods,24-04-2023,customer479@example.com
480,47,69937.28795,557.110815,Books,25-04-2023,customer480@example.com
481,-1,,604.2244857,Electronics,26-04-2023,customer481@example.com
482,34,60635.05636,629.0431172,Books,27-04-2023,customer482@example.com
483,36,48653.96459,611.1208932,Home Goods,28-04-2023,customer483@example.com
484,45,71601.75823,517.9161363,Electronics,29-04-2023,customer484@example.com
485,43,39854.11547,460.5323159,Clothing,30-04-2023,customer485@example.com
486,54,77014.10649,469.7453433,Clothing,01-05-2023,customer486@example.com
487,43,49397.63074,461.0183439,Clothing,02-05-2023,customer487@example.com
488,40,28538.37347,726.7540194,Home Goods,03-05-2023,customer488@example.com
489,26,51921.56622,618.7113445,Books,04-05-2023,customer489@example.com
490,29,39784.22514,-88.07772693,Electronics,05-05-2023,customer490@example.com
491,18,62609.65323,631.1801553,Clothing,06-05-2023,customer491@example.com
492,18,40210.64031,538.9472389,Electronics,07-05-2023,customer492@example.com
493,-1,43307.2485,496.2582487,Home Goods,08-05-2023,customer493@example.com
494,51,21656.88904,422.2963094,Clothing,09-05-2023,customer494@example.com
495,49,43215.40521,724.822544,Home Goods,10-05-2023,customer495@example.com
496,65,13641.8101,689.5052924,Books,11-05-2023,customer496@example.com
497,42,26241.45765,345.4244664,Home Goods,12-05-2023,customer497@example.com
498,57,61406.21984,581.4104574,Home Goods,13-05-2023,customer498@example.com
499,-1,61787.00238,305.6686531,Books,14-05-2023,customer499@example.com
500,18,56381.86343,224.076367,Electronics,15-05-2023,customer500@example.com
501,33,35495.35785,374.6565551,Books,16-05-2023,customer501@example.com
502,56,49284.32966,672.4786945,Books,17-05-2023,customer502@example.com
503,22,49945.96191,690.6250091,Home Goods,18-05-2023,customer503@example.com
504,39,32624.52966,602.617084,Electronics,19-05-2023,customer504@example.com
505,46,72550.97453,645.0191574,Clothing,20-05-2023,customer505@example.com
506,-1,63160.43436,603.2356574,Books,21-05-2023,customer506@example.com
507,29,46685.53739,371.703681,Electronics,22-05-2023,customer507@example.com
508,43,50403.28758,586.3845089,Books,23-05-2023,customer508@example.com
509,33,53125.74212,660.081905,Books,24-05-2023,customer509@example.com
510,68,19373.97697,650.858266,Books,25-05-2023,customer510@example.com
511,54,46292.33926,737.7826743,Books,26-05-2023,customer511@example.com
512,39,39770.23628,641.6607694,Home Goods,27-05-2023,customer512@example.com
513,46,34975.69985,570.2896415,Electronics,28-05-2023,customer513@example.com
514,31,45783.49561,714.0300477,Electronics,29-05-2023,customer514@example.com
515,45,76965.2979,494.6957482,Electronics,30-05-2023,customer515@example.com
516,22,59612.64292,323.6250698,Books,31-05-2023,customer516@example.com
517,64,41432.31515,467.3866072,Home Goods,01-06-2023,customer517@example.com
518,66,58588.74172,351.019471,Books,02-06-2023,customer518@example.com
519,47,70990.33155,364.964345,Books,03-06-2023,customer519@example.com
520,63,63869.50524,471.0962659,Electronics,04-06-2023,customer520@example.com
521,69,50894.45555,341.5160158,Books,05-06-2023,customer521@example.com
522,22,40295.94833,438.4076941,Clothing,06-06-2023,customer522@example.com
523,29,60473.3497,121.2770666,Books,07-06-2023,customer523@example.com
524,33,55902.28078,542.6587415,Clothing,08-06-2023,customer524@example.com
525,43,63427.8983,500.2410951,Books,09-06-2023,customer525@example.com
526,43,59527.57703,336.5822738,Home Goods,10-06-2023,customer526@example.com
527,65,65743.29073,631.8491337,Home Goods,11-06-2023,customer527@example.com
528,38,41971.47183,687.5140275,Electronics,12-06-2023,customer528@example.com
529,56,69760.91098,178.4880271,Books,13-06-2023,customer529@example.com
530,53,52963.99407,347.4550443,Clothing,14-06-2023,customer530@example.com
531,50,81128.91309,346.17153,Clothing,15-06-2023,customer531@example.com
532,47,39662.18273,312.0193798,Books,16-06-2023,customer532@example.com
533,54,76039.45705,665.8949684,Clothing,17-06-2023,customer533@example.com
534,40,52968.66175,461.2347722,Home Goods,18-06-2023,customer534@example.com
535,27,40228.72995,447.0970317,Clothing,19-06-2023,customer535@example.com
536,22,42741.71249,99.22752712,Electronics,20-06-2023,customer536@example.com
537,53,45194.79038,627.083606,Home Goods,21-06-2023,customer537@example.com
538,51,56362.4892,252.148321,Home Goods,22-06-2023,customer538@example.com
539,69,57842.53232,511.9865261,Home Goods,23-06-2023,customer539@example.com
540,48,41394.49994,555.4753876,Books,24-06-2023,customer540@example.com
541,27,49634.68112,772.1317192,Books,25-06-2023,customer541@example.com
542,36,82134.05538,238.2359202,Home Goods,26-06-2023,customer542@example.com
543,49,75913.14755,-103.9024312,Books,27-06-2023,customer543@example.com
544,18,56544.85505,536.769909,Clothing,28-06-2023,customer544@example.com
545,22,50570.05217,860.1022363,Books,29-06-2023,customer545@example.com
546,62,51800.4699,747.7892706,Books,30-06-2023,customer546@example.com
547,21,59202.76959,541.9318831,Home Goods,01-07-2023,customer547@example.com
548,33,34658.11152,401.6727629,Electronics,02-07-2023,customer548@example.com
549,41,46139.35194,661.4245193,Electronics,03-07-2023,customer549@example.com
550,33,24971.23889,0,Electronics,04-07-2023,customer550@example.com
551,19,55988.34684,595.2715539,Clothing,05-07-2023,customer551@example.com
552,66,59707.9391,601.0940318,Books,06-07-2023,customer552@example.com
553,45,42752.20307,712.0419815,Electronics,07-07-2023,customer553@example.com
554,49,73609.80145,1051.932008,Home Goods,08-07-2023,customer554@example.com
555,44,31613.51505,578.4831934,Electronics,09-07-2023,customer555@example.com
556,37,28034.3768,398.2072749,Electronics,10-07-2023,customer556@example.com
557,41,53366.77728,494.8851376,Books,11-07-2023,customer557@example.com
558,29,65706.47454,146.184819,Books,12-07-2023,customer558@example.com
559,67,75258.91537,361.0573738,Books,13-07-2023,customer559@example.com
560,52,43116.73606,418.1435124,Clothing,14-07-2023,customer560@example.com
561,50,66180.2125,395.1823204,Clothing,15-07-2023,customer561@example.com
562,50,49422.37296,530.4709744,Electronics,16-07-2023,customer562@example.com
563,68,47410.5905,335.5160135,Books,17-07-2023,customer563@example.com
564,60,63254.89906,724.2061335,Electronics,18-07-2023,customer564@example.com
565,54,,500.041413,Home Goods,19-07-2023,customer565@example.com
566,29,26354.11765,498.1399358,Home Goods,20-07-2023,customer566@example.com
567,20,,434.4210567,Books,21-07-2023,customer567@example.com
568,-1,70701.37031,531.0381368,Books,22-07-2023,customer568@example.com
569,50,40616.55948,665.0196529,Home Goods,23-07-2023,customer569@example.com
570,57,55937.053,326.5739569,Books,24-07-2023,customer570@example.com
571,27,57410.45279,368.3767022,Clothing,25-07-2023,customer571@example.com
572,60,53910.10649,439.2547942,Clothing,26-07-2023,customer572@example.com
573,61,41745.42269,230.8258153,Books,27-07-2023,customer573@example.com
574,46,39925.64948,336.1484281,Home Goods,28-07-2023,customer574@example.com
575,30,49616.68894,404.7558253,Electronics,29-07-2023,customer575@example.com
576,29,67590.93529,674.8778361,Books,30-07-2023,customer576@example.com
577,48,58154.00232,552.5122658,Books,31-07-2023,customer577@example.com
578,63,44440.78502,538.7179823,Electronics,01-08-2023,customer578@example.com
579,19,61575.48066,670.1795924,Books,02-08-2023,customer579@example.com
580,68,7271.860691,472.5256423,Electronics,03-08-2023,customer580@example.com
581,67,67231.48551,578.09297,Home Goods,04-08-2023,customer581@example.com
582,52,23904.29332,479.3556494,Clothing,05-08-2023,customer582@example.com
583,40,44563.38588,553.0724699,Home Goods,06-08-2023,customer583@example.com
584,34,33204.95158,383.4482685,Clothing,07-08-2023,customer584@example.com
585,43,30579.77786,12.23656834,Electronics,08-08-2023,customer585@example.com
586,25,67412.40181,473.1441676,Clothing,09-08-2023,customer586@example.com
587,46,42984.48198,784.5496272,Home Goods,10-08-2023,customer587@example.com
588,43,55197.55823,685.2430804,Clothing,11-08-2023,customer588@example.com
589,27,49296.19132,693.0794969,Electronics,12-08-2023,customer589@example.com
590,43,57155.61241,747.2261444,Clothing,13-08-2023,customer590@example.com
591,51,51152.32837,517.7315182,Books,14-08-2023,customer591@example.com
592,68,30755.11664,539.4631415,Home Goods,15-08-2023,customer592@example.com
593,58,64944.00229,376.4696209,Books,16-08-2023,customer593@example.com
594,24,42593.65125,436.7854288,Electronics,17-08-2023,customer594@example.com
595,21,26651.27152,623.15423,Clothing,18-08-2023,customer595@example.com
596,67,43578.27259,740.7768874,Books,19-08-2023,customer596@example.com
597,62,72511.39686,472.1107449,Books,20-08-2023,customer597@example.com
598,28,62753.32613,409.962147,Clothing,21-08-2023,customer598@example.com
599,46,44770.21798,500.1055918,Clothing,22-08-2023,customer599@example.com
600,53,44761.13444,620.2413498,Home Goods,23-08-2023,customer600@example.com
601,42,45175.47423,211.2290368,Books,24-08-2023,customer601@example.com
602,38,81151.21975,40.76380937,Books,25-08-2023,customer602@example.com
603,53,55729.03178,389.8926301,Electronics,26-08-2023,customer603@example.com
604,27,56450.62471,255.8575148,Home Goods,27-08-2023,customer604@example.com
605,54,65454.25181,398.3719605,Electronics,28-08-2023,customer605@example.com
606,26,,470.4439362,Books,29-08-2023,customer606@example.com
607,41,46114.36781,409.3503182,Electronics,30-08-2023,customer607@example.com
608,52,47054.75226,790.4935069,Books,31-08-2023,customer608@example.com
609,66,48925.98111,565.3489529,Books,01-09-2023,customer609@example.com
610,52,49441.66645,560.0948719,Electronics,02-09-2023,customer610@example.com
611,65,60914.44315,624.4414288,Electronics,03-09-2023,customer611@example.com
612,53,50779.18829,272.2333764,Clothing,04-09-2023,customer612@example.com
613,35,60989.60116,707.8223575,Clothing,05-09-2023,customer613@example.com
614,-1,48789.2513,484.8471427,Clothing,06-09-2023,customer614@example.com
615,-1,51179.52785,634.0961234,Books,07-09-2023,customer615@example.com
616,49,20026.98973,285.6285534,Electronics,08-09-2023,customer616@example.com
617,41,63744.91512,189.2482468,Home Goods,09-09-2023,customer617@example.com
618,40,55197.32714,663.5779316,Books,10-09-2023,customer618@example.com
619,49,64970.15165,575.2819052,Home Goods,11-09-2023,customer619@example.com
620,54,6556.169327,319.5896891,Electronics,12-09-2023,customer620@example.com
621,29,81325.62057,326.0673837,Books,13-09-2023,customer621@example.com
622,66,47906.15558,725.0869569,Home Goods,14-09-2023,customer622@example.com
623,30,66622.74225,262.1176214,Home Goods,15-09-2023,customer623@example.com
624,40,,828.5345907,Clothing,16-09-2023,customer624@example.com
625,42,59191.60858,319.8758531,Clothing,17-09-2023,customer625@example.com
626,52,34198.76655,627.6783851,Clothing,18-09-2023,customer626@example.com
627,58,40643.46559,434.2763049,Books,19-09-2023,customer627@example.com
628,47,,620.6374862,Electronics,20-09-2023,customer628@example.com
629,34,47139.76399,391.1771996,Electronics,21-09-2023,customer629@example.com
630,66,53261.4931,467.4414188,Clothing,22-09-2023,customer630@example.com
631,37,63051.01596,508.1838351,Clothing,23-09-2023,customer631@example.com
632,65,57435.22832,299.5625088,Clothing,24-09-2023,customer632@example.com
633,42,52256.28358,648.1648691,Home Goods,25-09-2023,customer633@example.com
634,39,55474.41504,397.3572867,Clothing,26-09-2023,customer634@example.com
635,30,86051.23378,454.2800169,Home Goods,27-09-2023,customer635@example.com
636,36,49135.71804,301.1301251,Electronics,28-09-2023,customer636@example.com
637,66,53016.4857,-12.46673176,Books,29-09-2023,customer637@example.com
638,53,65759.81594,461.7944475,Books,30-09-2023,customer638@example.com
639,29,66582.88899,982.5230843,Books,01-10-2023,customer639@example.com
640,58,67805.45458,656.9208576,Books,02-10-2023,customer640@example.com
641,36,59580.95333,496.1479241,Home Goods,03-10-2023,customer641@example.com
642,29,32854.92631,447.4218342,Home Goods,04-10-2023,customer642@example.com
643,26,74501.47298,504.4931786,Clothing,05-10-2023,customer643@example.com
644,24,32804.8191,609.423823,Home Goods,06-10-2023,customer644@example.com
645,45,54539.53198,263.8374369,Clothing,07-10-2023,customer645@example.com
646,31,38685.86225,722.8643389,Clothing,08-10-2023,customer646@example.com
647,48,49037.9248,643.0762631,Books,09-10-2023,customer647@example.com
648,69,54931.43615,643.6371451,Home Goods,10-10-2023,customer648@example.com
649,36,,587.6951478,Home Goods,11-10-2023,customer649@example.com
650,64,56328.81131,503.9233315,Clothing,12-10-2023,customer650@example.com
651,33,74205.66904,634.5722472,Clothing,13-10-2023,customer651@example.com
652,22,56803.01452,618.3628267,Electronics,14-10-2023,customer652@example.com
653,52,46337.65047,429.1918578,Electronics,15-10-2023,customer653@example.com
654,29,64461.30752,385.2796454,Clothing,16-10-2023,customer654@example.com
655,42,67842.05733,520.3712591,Electronics,17-10-2023,customer655@example.com
656,69,31585.88277,809.8040303,Electronics,18-10-2023,customer656@example.com
657,38,58961.00105,252.1785849,Clothing,19-10-2023,customer657@example.com
658,53,60517.59113,206.4949468,Clothing,20-10-2023,customer658@example.com
659,40,45536.54745,532.9521682,Home Goods,21-10-2023,customer659@example.com
660,33,70635.6022,510.1775404,Clothing,22-10-2023,customer660@example.com
661,56,,534.6683329,Clothing,23-10-2023,customer661@example.com
662,62,51883.6468,548.7906396,Books,24-10-2023,customer662@example.com
663,59,47403.92264,455.3595491,Home Goods,25-10-2023,customer663@example.com
664,56,50233.68571,797.9726877,Home Goods,26-10-2023,customer664@example.com
665,31,33555.8737,179.8192043,Home Goods,27-10-2023,customer665@example.com
666,48,28399.23676,334.300595,Books,28-10-2023,customer666@example.com
667,22,,479.349048,Clothing,29-10-2023,customer667@example.com
668,52,37295.57978,0,Home Goods,30-10-2023,customer668@example.com
669,40,35129.11476,464.8291191,Home Goods,31-10-2023,customer669@example.com
670,46,17699.1483,832.2940331,Electronics,01-11-2023,customer670@example.com
671,60,40415.57378,504.1772977,Home Goods,02-11-2023,customer671@example.com
672,28,30153.6531,546.1401811,Clothing,03-11-2023,customer672@example.com
673,35,74630.2274,247.967047,Clothing,04-11-2023,customer673@example.com
674,64,65147.25634,376.7277184,Electronics,05-11-2023,customer674@example.com
675,29,39677.74482,424.9607239,Home Goods,06-11-2023,customer675@example.com
676,26,83786.53708,436.4569806,Home Goods,07-11-2023,customer676@example.com
677,27,64726.4823,756.328759,Home Goods,08-11-2023,customer677@example.com
678,61,45127.52925,611.5382121,Books,09-11-2023,customer678@example.com
679,34,12508.91428,277.7084086,Home Goods,10-11-2023,customer679@example.com
680,55,84364.13859,549.3009557,Clothing,11-11-2023,customer680@example.com
681,24,29156.413,599.6443497,Clothing,12-11-2023,customer681@example.com
682,63,25319.0188,728.0298077,Books,13-11-2023,customer682@example.com
683,-1,65338.55648,816.1081373,Books,14-11-2023,customer683@example.com
684,57,86596.2861,296.9811616,Home Goods,15-11-2023,customer684@example.com
685,59,70764.09228,337.8284978,Electronics,16-11-2023,customer685@example.com
686,26,58458.6368,248.4844282,Books,17-11-2023,customer686@example.com
687,67,58921.31512,453.1960282,Books,18-11-2023,customer687@example.com
688,44,62801.23338,593.2716749,Home Goods,19-11-2023,customer688@example.com
689,19,61383.92885,697.4669033,Home Goods,20-11-2023,customer689@example.com
690,22,54217.87136,484.8097953,Books,21-11-2023,customer690@example.com
691,46,51563.01656,436.0304953,Electronics,22-11-2023,customer691@example.com
692,54,,530.3515984,Books,23-11-2023,customer692@example.com
693,55,38690.53117,332.9714197,Home Goods,24-11-2023,customer693@example.com
694,36,,917.9077443,Home Goods,25-11-2023,customer694@example.com
695,25,24605.64779,178.4677946,Books,26-11-2023,customer695@example.com
696,65,48524.9056,536.9481158,Electronics,27-11-2023,customer696@example.com
697,62,35171.13339,904.7212438,Books,28-11-2023,customer697@example.com
698,18,33446.16024,501.3599689,Books,29-11-2023,customer698@example.com
699,39,52698.41227,461.992193,Home Goods,30-11-2023,customer699@example.com
700,69,70880.0343,428.5109154,Electronics,01-12-2023,customer700@example.com
701,34,63774.74909,463.9216636,Clothing,02-12-2023,customer701@example.com
702,24,,774.5696949,Electronics,03-12-2023,customer702@example.com
703,42,35155.57795,57.62761773,Books,04-12-2023,customer703@example.com
704,62,64111.56782,806.6867403,Books,05-12-2023,customer704@example.com
705,21,35262.6891,215.2085695,Books,06-12-2023,customer705@example.com
706,53,46630.50275,446.6695342,Electronics,07-12-2023,customer706@example.com
707,23,58250.78149,414.1511159,Home Goods,08-12-2023,customer707@example.com
708,48,35474.83318,617.710654,Books,09-12-2023,customer708@example.com
709,36,51580.63259,180.3751296,Books,10-12-2023,customer709@example.com
710,61,29989.61758,592.4345332,Electronics,11-12-2023,customer710@example.com
711,56,40979.48534,904.8619247,Clothing,12-12-2023,customer711@example.com
712,-1,54796.72901,227.3651991,Clothing,13-12-2023,customer712@example.com
713,27,26105.094,537.9412335,Home Goods,14-12-2023,customer713@example.com
714,43,,367.6035644,Home Goods,15-12-2023,customer714@example.com
715,36,49705.43302,585.1774412,Books,16-12-2023,customer715@example.com
716,56,58287.34932,503.8295555,Electronics,17-12-2023,customer716@example.com
717,20,53358.71201,371.7026182,Books,18-12-2023,customer717@example.com
718,62,70462.10645,597.574457,Home Goods,19-12-2023,customer718@example.com
719,30,51878.36754,860.869622,Electronics,20-12-2023,customer719@example.com
720,67,,461.8192417,Electronics,21-12-2023,customer720@example.com
721,45,51834.46255,643.9515884,Home Goods,22-12-2023,customer721@example.com
722,37,58149.47044,241.3454084,Clothing,23-12-2023,customer722@example.com
723,45,50732.90105,308.7127246,Clothing,24-12-2023,customer723@example.com
724,25,50608.87537,594.4812556,Electronics,25-12-2023,customer724@example.com
725,-1,39470.12468,796.8232057,Books,26-12-2023,customer725@example.com
726,56,40056.48624,571.1226698,Clothing,27-12-2023,customer726@example.com
727,18,28960.92092,437.3883939,Books,28-12-2023,customer727@example.com
728,20,76243.65115,499.8582811,Clothing,29-12-2023,customer728@example.com
729,30,31342.05147,249.9184532,Clothing,30-12-2023,customer729@example.com
730,45,39606.42203,620.9030653,Books,31-12-2023,customer730@example.com
731,66,39223.89102,676.4666125,Home Goods,01-01-2024,customer731@example.com
732,42,63423.86565,409.5819334,Clothing,02-01-2024,customer732@example.com
733,-1,45575.75483,405.9915704,Clothing,03-01-2024,customer733@example.com
734,55,68716.13109,553.1756459,Books,04-01-2024,customer734@example.com
735,23,39897.64064,412.6560528,Home Goods,05-01-2024,customer735@example.com
736,61,54184.91243,486.7734771,Clothing,06-01-2024,customer736@example.com
737,62,37469.7942,919.9443578,Clothing,07-01-2024,customer737@example.com
738,49,82177.23692,450.5948599,Home Goods,08-01-2024,customer738@example.com
739,62,,428.3319696,Clothing,09-01-2024,customer739@example.com
740,64,54647.31065,370.4916389,Home Goods,10-01-2024,customer740@example.com
741,38,59506.65321,648.8383943,Home Goods,11-01-2024,customer741@example.com
742,33,56206.98646,463.7551654,Books,12-01-2024,customer742@example.com
743,38,47220.68512,370.1253923,Electronics,13-01-2024,customer743@example.com
744,28,48052.6895,764.2608065,Home Goods,14-01-2024,customer744@example.com
745,54,50657.17208,783.9206009,Books,15-01-2024,customer745@example.com
746,53,47794.96998,379.9152869,Electronics,16-01-2024,customer746@example.com
747,52,64458.18675,126.6920097,Clothing,17-01-2024,customer747@example.com
748,36,83157.84502,701.502738,Electronics,18-01-2024,customer748@example.com
749,37,41637.62322,363.0740348,Home Goods,19-01-2024,customer749@example.com
750,35,29452.95531,658.1251198,Home Goods,20-01-2024,customer750@example.com
751,64,48675.76927,105.9792365,Home Goods,21-01-2024,customer751@example.com
752,58,88695.64006,678.5194677,Home Goods,22-01-2024,customer752@example.com
753,66,37944.88148,257.7656141,Home Goods,23-01-2024,customer753@example.com
754,31,74586.75208,646.1528238,Books,24-01-2024,customer754@example.com
755,32,75165.51221,502.8546136,Home Goods,25-01-2024,customer755@example.com
756,48,41696.17637,309.2121161,Books,26-01-2024,customer756@example.com
757,18,58534.74619,418.5927374,Clothing,27-01-2024,customer757@example.com
758,20,74425.94935,637.2636914,Home Goods,28-01-2024,customer758@example.com
759,33,44313.08389,521.1788906,Home Goods,29-01-2024,customer759@example.com
760,40,46946.2946,616.8825961,Electronics,30-01-2024,customer760@example.com
761,28,41274.78629,895.2881169,Clothing,31-01-2024,customer761@example.com
762,29,34778.64904,187.1516777,Home Goods,01-02-2024,customer762@example.com
763,27,40260.83682,823.442515,Home Goods,02-02-2024,customer763@example.com
764,49,31640.896,520.8711875,Clothing,03-02-2024,customer764@example.com
765,33,50511.25202,320.2431903,Books,04-02-2024,customer765@example.com
766,25,38450.40153,233.9372749,Home Goods,05-02-2024,customer766@example.com
767,55,53506.78868,462.1759218,Electronics,06-02-2024,customer767@example.com
768,29,26661.56531,684.3300224,Home Goods,07-02-2024,customer768@example.com
769,41,54963.20348,474.4901759,Electronics,08-02-2024,customer769@example.com
770,45,62502.93442,802.230986,Electronics,09-02-2024,customer770@example.com
771,25,20093.96536,209.764862,Home Goods,10-02-2024,customer771@example.com
772,45,55610.84855,497.5822104,Home Goods,11-02-2024,customer772@example.com
773,53,68415.03489,249.5213111,Electronics,12-02-2024,customer773@example.com
774,43,31855.38472,572.7263765,Clothing,13-02-2024,customer774@example.com
775,25,75088.5858,677.377478,Clothing,14-02-2024,customer775@example.com
776,67,56285.28514,415.8476413,Home Goods,15-02-2024,customer776@example.com
777,45,39424.82216,-20.84277133,Books,16-02-2024,customer777@example.com
778,45,49163.46384,539.7896294,Clothing,17-02-2024,customer778@example.com
779,54,58374.90369,587.3477103,Home Goods,18-02-2024,customer779@example.com
780,58,51140.08087,580.858951,Clothing,19-02-2024,customer780@example.com
781,53,58081.33989,747.1564384,Books,20-02-2024,customer781@example.com
782,44,36189.8961,285.7892641,Home Goods,21-02-2024,customer782@example.com
783,34,,636.0432211,Books,22-02-2024,customer783@example.com
784,26,28794.28255,738.5015025,Home Goods,23-02-2024,customer784@example.com
785,50,48331.60908,144.2824832,Books,24-02-2024,customer785@example.com
786,37,36441.38538,563.9303652,Clothing,25-02-2024,customer786@example.com
787,30,38967.05086,399.1640338,Clothing,26-02-2024,customer787@example.com
788,45,68541.39763,483.6954654,Books,27-02-2024,customer788@example.com
789,65,66369.65181,569.5352967,Books,28-02-2024,customer789@example.com
790,46,59137.07181,402.5542872,Books,29-02-2024,customer790@example.com
791,30,33615.30853,364.8583842,Home Goods,01-03-2024,customer791@example.com
792,63,45253.87325,506.8304835,Clothing,02-03-2024,customer792@example.com
793,52,68196.4655,282.5508122,Home Goods,03-03-2024,customer793@example.com
794,23,52125.7537,282.8349742,Clothing,04-03-2024,customer794@example.com
795,35,84789.9431,635.8746566,Electronics,05-03-2024,customer795@example.com
796,68,55899.76759,270.241193,Home Goods,06-03-2024,customer796@example.com
797,22,52880.73675,633.2625002,Clothing,07-03-2024,customer797@example.com
798,64,45363.25304,592.5182586,Clothing,08-03-2024,customer798@example.com
799,42,52003.11357,154.8386542,Home Goods,09-03-2024,customer799@example.com
800,19,,364.4870695,Home Goods,10-03-2024,customer800@example.com
801,27,60621.63015,738.8218806,Clothing,11-03-2024,customer801@example.com
802,47,64350.53475,303.7668938,Home Goods,12-03-2024,customer802@example.com
803,67,38210.15809,407.1191475,Books,13-03-2024,customer803@example.com
804,62,30031.5057,592.4121787,Home Goods,14-03-2024,customer804@example.com
805,22,22456.9194,656.6781019,Home Goods,15-03-2024,customer805@example.com
806,50,57619.8699,449.6922228,Home Goods,16-03-2024,customer806@example.com
807,18,33449.50091,380.4979611,Clothing,17-03-2024,customer807@example.com
808,35,17706.64111,784.4739723,Books,18-03-2024,customer808@example.com
809,49,55828.67907,847.7799328,Electronics,19-03-2024,customer809@example.com
810,64,87394.99276,695.7716102,Electronics,20-03-2024,customer810@example.com
811,66,49908.93633,517.0636285,Books,21-03-2024,customer811@example.com
812,28,62577.36162,338.3468557,Books,22-03-2024,customer812@example.com
813,38,51227.44038,333.9111187,Books,23-03-2024,customer813@example.com
814,43,48516.6552,604.5028211,Clothing,24-03-2024,customer814@example.com
815,42,63786.14724,583.6796442,Electronics,25-03-2024,customer815@example.com
816,39,45645.88184,780.3197186,Books,26-03-2024,customer816@example.com
817,44,54010.88471,0,Clothing,27-03-2024,customer817@example.com
818,66,54825.46709,199.3839396,Electronics,28-03-2024,customer818@example.com
819,30,39978.6432,710.3895235,Home Goods,29-03-2024,customer819@example.com
820,50,64880.63524,300.3878745,Clothing,30-03-2024,customer820@example.com
821,51,47375.60365,423.2057456,Electronics,31-03-2024,customer821@example.com
822,-1,38663.82261,550.0400413,Clothing,01-04-2024,customer822@example.com
823,52,58047.64765,899.133498,Electronics,02-04-2024,customer823@example.com
824,18,36522.98027,1121.983711,Electronics,03-04-2024,customer824@example.com
825,38,,621.3446118,Home Goods,04-04-2024,customer825@example.com
826,65,49863.21505,463.3606763,Clothing,05-04-2024,customer826@example.com
827,23,66288.43349,606.9011297,Books,06-04-2024,customer827@example.com
828,45,57120.47349,677.5310852,Home Goods,07-04-2024,customer828@example.com
829,34,49624.59562,435.8664749,Home Goods,08-04-2024,customer829@example.com
830,22,62266.49449,859.0422712,Electronics,09-04-2024,customer830@example.com
831,48,70853.11324,546.0141518,Books,10-04-2024,customer831@example.com
832,22,58367.1546,599.5486178,Clothing,11-04-2024,customer832@example.com
833,55,50155.2893,633.1848504,Books,12-04-2024,customer833@example.com
834,20,30322.45651,584.3173221,Books,13-04-2024,customer834@example.com
835,40,34023.29505,667.7881001,Books,14-04-2024,customer835@example.com
836,54,45421.62943,376.5493627,Books,15-04-2024,customer836@example.com
837,54,40857.31697,388.3396492,Books,16-04-2024,customer837@example.com
838,27,47195.43046,279.9691534,Electronics,17-04-2024,customer838@example.com
839,27,50849.74887,587.9002461,Electronics,18-04-2024,customer839@example.com
840,36,57945.39132,655.7873007,Home Goods,19-04-2024,customer840@example.com
841,34,48942.51833,591.5545732,Electronics,20-04-2024,customer841@example.com
842,38,57297.52466,834.8984867,Home Goods,21-04-2024,customer842@example.com
843,31,,498.8807962,Home Goods,22-04-2024,customer843@example.com
844,26,20368.0015,633.7483311,Clothing,23-04-2024,customer844@example.com
845,63,35909.96909,281.6598248,Books,24-04-2024,customer845@example.com
846,18,47838.68666,422.5800595,Electronics,25-04-2024,customer846@example.com
847,68,31854.57886,639.1075515,Clothing,26-04-2024,customer847@example.com
848,62,58998.93095,669.8204221,Electronics,27-04-2024,customer848@example.com
849,30,,441.2066105,Home Goods,28-04-2024,customer849@example.com
850,21,68281.42778,485.6801496,Electronics,29-04-2024,customer850@example.com
851,18,46798.35694,0,Books,30-04-2024,customer851@example.com
852,66,72360.89205,428.5941598,Home Goods,01-05-2024,customer852@example.com
853,-1,52230.01186,678.0766327,Home Goods,02-05-2024,customer853@example.com
854,49,44943.71043,615.0410032,Clothing,03-05-2024,customer854@example.com
855,51,40798.96005,600.1331443,Books,04-05-2024,customer855@example.com
856,45,45462.9547,0,Home Goods,05-05-2024,customer856@example.com
857,48,44177.34772,501.4126317,Books,06-05-2024,customer857@example.com
858,25,52556.24334,367.9357721,Electronics,07-05-2024,customer858@example.com
859,56,52408.60972,639.765684,Books,08-05-2024,customer859@example.com
860,43,50045.6903,584.1945889,Home Goods,09-05-2024,customer860@example.com
861,51,56554.07255,598.4037696,Clothing,10-05-2024,customer861@example.com
862,20,67859.69412,394.7930315,Home Goods,11-05-2024,customer862@example.com
863,-1,64243.31203,69.33141603,Books,12-05-2024,customer863@example.com
864,29,27726.53047,719.4305424,Books,13-05-2024,customer864@example.com
865,18,11691.18298,404.2325088,Home Goods,14-05-2024,customer865@example.com
866,61,64014.79867,327.4448472,Books,15-05-2024,customer866@example.com
867,22,29496.81952,638.6957824,Electronics,16-05-2024,customer867@example.com
868,47,46628.51897,421.597472,Home Goods,17-05-2024,customer868@example.com
869,47,32448.30461,711.9872768,Clothing,18-05-2024,customer869@example.com
870,34,22970.29344,623.4011899,Home Goods,19-05-2024,customer870@example.com
871,65,58121.94092,0,Electronics,20-05-2024,customer871@example.com
872,64,61387.3274,226.8088578,Electronics,21-05-2024,customer872@example.com
873,40,41352.34399,742.3887971,Electronics,22-05-2024,customer873@example.com
874,32,11134.36562,552.2501062,Electronics,23-05-2024,customer874@example.com
875,54,41806.33328,426.1445722,Electronics,24-05-2024,customer875@example.com
876,38,55877.06008,528.6776935,Clothing,25-05-2024,customer876@example.com
877,31,27816.32647,144.7529534,Books,26-05-2024,customer877@example.com
878,19,52750.3988,581.7305623,Electronics,27-05-2024,customer878@example.com
879,28,49770.35226,294.1256984,Electronics,28-05-2024,customer879@example.com
880,68,58689.37249,229.4659428,Home Goods,29-05-2024,customer880@example.com
881,56,51793.70553,195.5281628,Clothing,30-05-2024,customer881@example.com
882,55,35403.96589,722.537675,Clothing,31-05-2024,customer882@example.com
883,-1,67948.57252,374.1473213,Books,01-06-2024,customer883@example.com
884,55,47622.0564,806.745542,Clothing,02-06-2024,customer884@example.com
885,67,49590.43191,392.8397074,Home Goods,03-06-2024,customer885@example.com
886,51,36000.98061,158.5284085,Home Goods,04-06-2024,customer886@example.com
887,35,43350.76623,276.695112,Books,05-06-2024,customer887@example.com
888,47,36727.95929,747.162324,Home Goods,06-06-2024,customer888@example.com
889,32,47405.8091,468.8203644,Electronics,07-06-2024,customer889@example.com
890,44,75675.6272,390.3425407,Electronics,08-06-2024,customer890@example.com
891,68,29421.48286,532.0036452,Home Goods,09-06-2024,customer891@example.com
892,51,25796.57903,600.3565472,Books,10-06-2024,customer892@example.com
893,69,72067.55491,723.4797632,Clothing,11-06-2024,customer893@example.com
894,55,46860.14484,789.699846,Books,12-06-2024,customer894@example.com
895,50,39963.90892,428.0462708,Clothing,13-06-2024,customer895@example.com
896,41,65598.57031,234.7904628,Home Goods,14-06-2024,customer896@example.com
897,32,40915.7669,417.3069678,Home Goods,15-06-2024,customer897@example.com
898,47,77390.1457,552.0561013,Electronics,16-06-2024,customer898@example.com
899,59,60168.88807,307.2482148,Clothing,17-06-2024,customer899@example.com
900,68,42681.32888,308.569817,Books,18-06-2024,customer900@example.com
901,34,82359.6232,568.7575763,Home Goods,19-06-2024,customer901@example.com
902,22,40914.27615,490.2695297,Books,20-06-2024,customer902@example.com
903,46,61131.43058,506.5593991,Electronics,21-06-2024,customer903@example.com
904,21,,348.3009331,Clothing,22-06-2024,customer904@example.com
905,27,69526.11934,453.9198572,Clothing,23-06-2024,customer905@example.com
906,34,73422.66795,315.1533711,Home Goods,24-06-2024,customer906@example.com
907,27,50480.06224,678.0396822,Clothing,25-06-2024,customer907@example.com
908,34,38698.73194,707.0498669,Home Goods,26-06-2024,customer908@example.com
909,37,56899.58214,130.7624276,Electronics,27-06-2024,customer909@example.com
910,41,39834.26945,314.097828,Clothing,28-06-2024,customer910@example.com
911,22,80200.80871,200.694149,Home Goods,29-06-2024,customer911@example.com
912,51,52048.02997,369.9952131,Books,30-06-2024,customer912@example.com
913,23,44520.17673,483.312406,Home Goods,01-07-2024,customer913@example.com
914,19,52770.20459,210.0709561,Clothing,02-07-2024,customer914@example.com
915,30,29793.10566,315.6280374,Electronics,03-07-2024,customer915@example.com
916,60,35425.78942,299.2085256,Clothing,04-07-2024,customer916@example.com
917,60,68006.20862,541.4534659,Clothing,05-07-2024,customer917@example.com
918,65,40146.58582,513.8688674,Home Goods,06-07-2024,customer918@example.com
919,28,34296.33526,355.6524893,Books,07-07-2024,customer919@example.com
920,68,58049.79129,535.3641744,Clothing,08-07-2024,customer920@example.com
921,64,67785.56232,390.6639831,Books,09-07-2024,customer921@example.com
922,40,60784.29966,445.6689779,Home Goods,10-07-2024,customer922@example.com
923,33,64940.71529,834.6904181,Books,11-07-2024,customer923@example.com
924,48,38648.07367,768.0922104,Home Goods,12-07-2024,customer924@example.com
925,28,28672.84,240.0837526,Electronics,13-07-2024,customer925@example.com
926,33,,665.9464836,Books,14-07-2024,customer926@example.com
927,25,45159.80242,662.2793109,Books,15-07-2024,customer927@example.com
928,21,46237.50475,270.3473422,Electronics,16-07-2024,customer928@example.com
929,57,69922.91213,663.7555288,Books,17-07-2024,customer929@example.com
930,21,58343.45014,807.5863837,Electronics,18-07-2024,customer930@example.com
931,42,56838.31658,275.4910388,Clothing,19-07-2024,customer931@example.com
932,20,82475.03517,316.4994358,Home Goods,20-07-2024,customer932@example.com
933,-1,40347.22654,703.5322934,Electronics,21-07-2024,customer933@example.com
934,20,63917.60192,554.2990622,Books,22-07-2024,customer934@example.com
935,44,50855.19687,610.295255,Electronics,23-07-2024,customer935@example.com
936,46,,568.1178433,Books,24-07-2024,customer936@example.com
937,49,72927.0264,578.1391842,Clothing,25-07-2024,customer937@example.com
938,67,57617.53634,234.7055743,Electronics,26-07-2024,customer938@example.com
939,68,58074.44119,709.4635413,Clothing,27-07-2024,customer939@example.com
940,36,66087.61006,733.9179985,Home Goods,28-07-2024,customer940@example.com
941,38,44525.70906,454.1218512,Books,29-07-2024,customer941@example.com
942,22,37411.85499,491.30461,Books,30-07-2024,customer942@example.com
943,35,34327.86209,193.7784995,Clothing,31-07-2024,customer943@example.com
944,45,20504.65116,602.8509512,Home Goods,01-08-2024,customer944@example.com
945,-1,80843.10695,614.4114883,Electronics,02-08-2024,customer945@example.com
946,-1,33451.87451,487.5617966,Electronics,03-08-2024,customer946@example.com
947,38,46681.19565,724.870672,Books,04-08-2024,customer947@example.com
948,23,45847.8005,433.1845538,Clothing,05-08-2024,customer948@example.com
949,18,54611.10047,612.9211852,Clothing,06-08-2024,customer949@example.com
950,22,62236.05819,296.0671323,Electronics,07-08-2024,customer950@example.com
951,58,62907.10233,495.2895698,Home Goods,08-08-2024,customer951@example.com
952,29,41253.83842,465.1291484,Home Goods,09-08-2024,customer952@example.com
953,43,,545.0615844,Electronics,10-08-2024,customer953@example.com
954,63,54238.69926,426.0946142,Electronics,11-08-2024,customer954@example.com
955,51,46269.63311,473.7054809,Clothing,12-08-2024,customer955@example.com
956,66,74110.18364,665.2094343,Home Goods,13-08-2024,customer956@example.com
957,31,57364.62427,412.6471526,Electronics,14-08-2024,customer957@example.com
958,43,61023.16679,178.6845799,Electronics,15-08-2024,customer958@example.com
959,62,59943.21903,849.9167808,Books,16-08-2024,customer959@example.com
960,44,67602.10786,776.2908157,Electronics,17-08-2024,customer960@example.com
961,26,52715.32338,241.547461,Electronics,18-08-2024,customer961@example.com
962,43,30547.52078,0,Home Goods,19-08-2024,customer962@example.com
963,64,55995.31928,399.4050459,Clothing,20-08-2024,customer963@example.com
964,39,40229.64659,552.6974431,Home Goods,21-08-2024,customer964@example.com
965,64,42070.74977,558.8448258,Clothing,22-08-2024,customer965@example.com
966,47,58795.46028,453.1184399,Books,23-08-2024,customer966@example.com
967,60,68574.24607,343.2468669,Electronics,24-08-2024,customer967@example.com
968,65,50319.07365,361.8917895,Books,25-08-2024,customer968@example.com
969,34,54632.49519,316.7616169,Clothing,26-08-2024,customer969@example.com
970,43,75533.22417,333.6355584,Home Goods,27-08-2024,customer970@example.com
971,53,53611.29769,486.564342,Home Goods,28-08-2024,customer971@example.com
972,18,89025.24671,356.8480022,Books,29-08-2024,customer972@example.com
973,25,58482.64468,636.4104131,Clothing,30-08-2024,customer973@example.com
974,66,,797.4492311,Books,31-08-2024,customer974@example.com
975,52,61300.12432,383.9893517,Books,01-09-2024,customer975@example.com
976,69,55717.37577,547.8809001,Electronics,02-09-2024,customer976@example.com
977,32,69346.29131,599.9370221,Books,03-09-2024,customer977@example.com
978,64,60097.72027,594.4004542,Electronics,04-09-2024,customer978@example.com
979,39,47923.16024,515.1910536,Electronics,05-09-2024,customer979@example.com
980,31,31635.52646,648.5364837,Home Goods,06-09-2024,customer980@example.com
981,43,,596.4497905,Electronics,07-09-2024,customer981@example.com
982,45,37242.19319,252.4675155,Electronics,08-09-2024,customer982@example.com
983,40,41292.14825,673.8312129,Home Goods,09-09-2024,customer983@example.com
984,31,58828.67607,677.4581675,Books,10-09-2024,customer984@example.com
985,41,75048.56757,347.3427792,Clothing,11-09-2024,customer985@example.com
986,19,55920.07295,507.5875671,Clothing,12-09-2024,customer986@example.com
987,62,32061.75407,636.6657986,Clothing,13-09-2024,customer987@example.com
988,43,56669.04002,458.1372361,Books,14-09-2024,customer988@example.com
989,31,67949.4723,714.5956096,Electronics,15-09-2024,customer989@example.com
990,68,40853.25644,972.7744989,Clothing,16-09-2024,customer990@example.com
991,24,47989.7425,342.8027935,Books,17-09-2024,customer991@example.com
992,20,50220.32292,223.7910794,Electronics,18-09-2024,customer992@example.com
993,64,38226.5253,560.7637191,Home Goods,19-09-2024,customer993@example.com
994,40,59724.20651,644.312501,Clothing,20-09-2024,customer994@example.com
995,63,48185.77777,453.8267252,Electronics,21-09-2024,customer995@example.com
996,60,56292.98666,790.6521327,Clothing,22-09-2024,customer996@example.com
997,64,36687.61733,232.2788401,Clothing,23-09-2024,customer997@example.com
998,62,43438.1255,0,Clothing,24-09-2024,customer998@example.com
999,35,60835.72037,378.8278358,Electronics,25-09-2024,customer999@example.com
1000,55,44407.50272,843.8755812,Books,26-09-2024,customer1000@example.com
